{
    "parent": "item/generated",
    "textures": {
        "layer0": "mocreatures:items/tusksiron"
    },
    "display": {
        "third_person": {
            "rotation": [
                -90,
                0,
                0
            ],
            "translation": [
                0,
                1,
                -3
            ],
            "scale": [
                0.55,
                0.55,
                0.55
            ]
        },
        "first_person": {
            "rotation": [
                0,
                -135,
                25
            ],
            "translation": [
                0,
                4,
                2
            ],
            "scale": [
                1.7,
                1.7,
                1.7
            ]
        }
    }
}